{
  "best_params": {
    "cross_eps": 0.0751,
    "cross_min": 2,
    "intra_eps": 0.0319,
    "intra_min": 2
  },
  "all_results": [
    {
      "total_score": 5436.16601113674,
      "cross_quality": 847.3019267358278,
      "intra_quality": 2223.120683385683,
      "cross_clusters": 95,
      "intra_clusters": 1792,
      "cross_similarity": 0.9250963367913899,
      "intra_similarity": 0.9804230291130287,
      "cross_avg_size": 17.778947368421054,
      "intra_avg_size": 3.454799107142857,
      "multi_membership": 1100,
      "isolated": 4687,
      "cross_paths": 1689,
      "intra_paths": 6191,
      "balance_bonus": 3.1434010152284264,
      "params": {
        "cross_eps": 0.0751,
        "cross_min": 2,
        "intra_eps": 0.0319,
        "intra_min": 2
      }
    },
    {
      "total_score": 5422.0611489291505,
      "cross_quality": 839.5154745101929,
      "intra_quality": 2040.599502661664,
      "cross_clusters": 75,
      "intra_clusters": 1681,
      "cross_similarity": 0.9157737255096435,
      "intra_similarity": 0.9858627992325918,
      "cross_avg_size": 28.68,
      "intra_avg_size": 3.0636525877453895,
      "multi_membership": 1204,
      "isolated": 5370,
      "cross_paths": 2151,
      "intra_paths": 5150,
      "balance_bonus": 3.9461717572935213,
      "params": {
        "cross_eps": 0.0848,
        "cross_min": 2,
        "intra_eps": 0.0245,
        "intra_min": 2
      }
    },
    {
      "total_score": 4604.162765305315,
      "cross_quality": 848.2270393087314,
      "intra_quality": 2157.283440242353,
      "cross_clusters": 104,
      "intra_clusters": 1761,
      "cross_similarity": 0.9313519654365686,
      "intra_similarity": 0.9831773926086685,
      "cross_avg_size": 14.115384615384615,
      "intra_avg_size": 3.2282793867120954,
      "multi_membership": 878,
      "isolated": 5192,
      "cross_paths": 1468,
      "intra_paths": 5685,
      "balance_bonus": 3.052285754228995,
      "params": {
        "cross_eps": 0.068,
        "cross_min": 2,
        "intra_eps": 0.0282,
        "intra_min": 2
      }
    },
    {
      "total_score": 4316.505098890324,
      "cross_quality": 844.7288146634896,
      "intra_quality": 2005.0811958181896,
      "cross_clusters": 96,
      "intra_clusters": 1658,
      "cross_similarity": 0.9264407331744829,
      "intra_similarity": 0.9868089403188703,
      "cross_avg_size": 17.197916666666668,
      "intra_avg_size": 2.995174909529554,
      "multi_membership": 869,
      "isolated": 5719,
      "cross_paths": 1651,
      "intra_paths": 4966,
      "balance_bonus": 3.4950884086444005,
      "params": {
        "cross_eps": 0.0735,
        "cross_min": 2,
        "intra_eps": 0.0231,
        "intra_min": 2
      }
    }
  ]
}