{
    "Agent": {
        "total": 3.3890013583004475e-05
    },
    "Env": {
        "apply_act": 0.0034544480149634182,
        "observation_computation": 0.001556970993988216,
        "powerflow_computation": 0.040252041013445705,
        "total": 0.04526346002239734
    },
    "total": 0.046036369021749124
}