site,relation_data,Pairwise Relation Accuracy,Relation Precision,Relation Recall,Relation F1,Pairwise Degree Accuracy,Degree Precision,Degree Recall,Degree F1,Connectivity R-squared,Kinship Inference Errors
hazleton_north,inferred_relations_coeffs.csv,0.9865546218487395,0.8840579710144928,0.8840579710144928,0.8840579710144928,1.0,1.0,1.0,1.0,1.0,1
hazleton_north,inferred_relations_custom.csv,1.0,1.0,1.0,1.0,1.0,1.0,1.0,1.0,1.0,1
nepluyevsky,inferred_relations_KIN.csv,0.9827956989247312,0.8947368421052632,0.8947368421052632,0.8947368421052632,1.0,1.0,1.0,1.0,1.0,4
nepluyevsky,inferred_relations_custom.csv,1.0,1.0,1.0,1.0,1.0,1.0,1.0,1.0,1.0,4
gurgy,inferred_relations_READv2.csv,0.9890185312285518,0.8565217391304348,0.8040816326530612,0.8294736842105264,0.9963395104095173,0.991304347826087,0.9344262295081968,0.9620253164556962,0.9663291188258757,14
