{
    "Agent": {
        "total": 4.090202855877578e-05
    },
    "Env": {
        "apply_act": 0.004294040030799806,
        "observation_computation": 0.0017173410160467029,
        "powerflow_computation": 0.03976755999610759,
        "total": 0.0457789410429541
    },
    "total": 0.04654722998384386
}